,clientID,client_lr,client_mom,batch_size,loss,accuracy
912,9,0.12244897959183676,0.9473684210526315,16,0.0667774006724357,0.4811827838420868
913,9,1.0,0.631578947368421,16,0.0677412524819374,0.4534050226211548
914,9,0.5918367346938775,0.631578947368421,16,0.0736520588397979,0.4184587895870209
