,clientID,client_lr,client_mom,batch_size,loss,accuracy
120,2,1.0,1.0,16,0.0039966292679309,0.8310724496841431
122,2,1.0,1.0,32,0.0044814278371632,0.8070898652076721
121,2,1.0,1.0,64,0.0045887297019362,0.8055160045623779
123,2,1.0,0.6666666666666666,16,0.0047729746438562,0.794573962688446
124,2,0.1836734693877551,1.0,16,0.0052076922729611,0.7765120267868042
125,2,0.1836734693877551,1.0,32,0.005870675202459,0.7421119809150696
127,2,1.0,0.6666666666666666,32,0.0059697567485272,0.7415124177932739
126,2,1.0,0.3333333333333333,32,0.0061802333220839,0.7304204702377319
128,2,1.0,0.0,16,0.0064025577157735,0.7131080031394958
