,clientID,client_lr,client_mom,batch_size,loss,accuracy
552,11,1.0,1.0,16,0.0046058488078415,0.8018830418586731
553,11,1.0,1.0,32,0.0047376151196658,0.7920700311660767
554,11,1.0,0.6666666666666666,16,0.0051924115978181,0.7774831056594849
556,11,1.0,0.0,16,0.0066946167498826,0.7037528157234192
557,11,1.0,0.3333333333333333,16,0.0066739027388393,0.7021614909172058
555,11,0.0816326530612245,1.0,16,0.0068647093139588,0.6951332688331604
