,clientID,client_lr,client_mom,batch_size,loss,accuracy
72,1,1.0,1.0,16,0.005556168500334,0.7572534084320068
73,1,1.0,1.0,32,0.0060243951156735,0.7352030873298645
74,1,1.0,0.6666666666666666,16,0.0061812670901417,0.7216634154319763
75,1,0.1836734693877551,1.0,16,0.0066236155107617,0.7081238031387329
