,clientID,client_lr,client_mom,batch_size,loss,accuracy
702,7,1.0,0.9999999999999999,32,0.0507360063493251,0.6520912647247314
