,clientID,client_lr,client_mom,batch_size,loss,accuracy
1756,17,0.5918367346938775,0.631578947368421,16,0.0864714384078979,0.5714285969734192
1759,17,1.0,0.9999999999999999,16,0.0874745622277259,0.5714285969734192
1768,17,1.0,0.9999999999999999,32,0.0861395150423049,0.5714285969734192
3541,17,0.5918367346938775,0.631578947368421,16,0.0864714384078979,0.5714285969734192
3544,17,1.0,0.9999999999999999,16,0.0874745622277259,0.5714285969734192
3553,17,1.0,0.9999999999999999,32,0.0861395150423049,0.5714285969734192
