,clientID,client_lr,client_mom,batch_size,loss,accuracy
598,6,0.5918367346938775,0.631578947368421,16,0.0751799568533897,0.4042145609855652
