,clientID,client_lr,client_mom,batch_size,loss,accuracy
121,2,1.0,1.0,32,0.0041680028662085,0.8208213448524475
120,2,1.0,1.0,16,0.0042274612933397,0.8178568482398987
122,2,1.0,1.0,64,0.0049679987132549,0.7852472066879272
123,2,0.1836734693877551,1.0,16,0.0053192307241261,0.775132954120636
124,2,1.0,0.6666666666666666,16,0.0053474926389753,0.7665010094642639
125,2,0.0816326530612245,1.0,16,0.0059044579975306,0.7476676106452942
126,2,1.0,0.3333333333333333,16,0.0064570326358079,0.7113959193229675
