,clientID,client_lr,client_mom,batch_size,loss,accuracy
888,18,1.0,1.0,16,0.0043361745774745,0.8146297335624695
889,18,1.0,1.0,32,0.0047487849369645,0.7941844463348389
890,18,1.0,0.6666666666666666,16,0.0051717143505811,0.7726790904998779
