,clientID,client_lr,client_mom,batch_size,loss,accuracy
456,9,1.0,1.0,16,0.0035812747664749,0.8500672578811646
458,9,1.0,1.0,32,0.0041861748322844,0.8225334286689758
457,9,1.0,0.6666666666666666,16,0.0043919407762587,0.8124851584434509
459,9,1.0,1.0,64,0.004800634458661,0.7952369451522827
460,9,1.0,0.6666666666666666,32,0.0056172311305999,0.7575757503509521
462,9,1.0,0.3333333333333333,16,0.0056102289818227,0.7574966549873352
461,9,0.1836734693877551,1.0,16,0.0059166662395,0.7400901913642883
463,9,0.1836734693877551,1.0,32,0.006076437421143,0.7319408059120178
