,clientID,client_lr,client_mom,batch_size,loss,accuracy
744,15,1.0,1.0,16,0.0039587509818375,0.8322085738182068
745,15,1.0,0.6666666666666666,16,0.0051527987234294,0.7788805365562439
746,15,0.1836734693877551,1.0,16,0.0056182155385613,0.7542675733566284
747,15,1.0,1.0,64,0.0056386953219771,0.7465925812721252
748,15,1.0,0.3333333333333333,16,0.0057631330564618,0.7446076273918152
750,15,0.1836734693877551,1.0,32,0.0058447103947401,0.7415640950202942
749,15,0.0816326530612245,1.0,16,0.0061583323404192,0.7283313274383545
