,clientID,client_lr,client_mom,batch_size,loss,accuracy
504,10,1.0,1.0,16,0.0054812878370285,0.7602956891059875
