,clientID,client_lr,client_mom,batch_size,loss,accuracy
232,3,1.0,0.631578947368421,16,0.0043619791977107,0.9753510355949402
235,3,1.0,0.3157894736842105,16,0.0065072611905634,0.9625585079193116
233,3,0.5918367346938775,0.631578947368421,16,0.0079786973074078,0.94882994890213
234,3,1.0,0.631578947368421,32,0.0086908573284745,0.94477379322052
236,3,0.5918367346938775,0.3157894736842105,16,0.0126395253464579,0.9213728308677672
