,clientID,client_lr,client_mom,batch_size,loss,accuracy
492,5,1.0,0.631578947368421,16,0.017808262258768,0.8851674795150757
493,5,0.12244897959183676,0.9473684210526315,16,0.0278503354638814,0.8105263113975525
