,clientID,client_lr,client_mom,batch_size,loss,accuracy
312,6,1.0,1.0,16,0.0039206398651003,0.8345161080360413
313,6,1.0,1.0,32,0.005032954737544,0.7785483598709106
314,6,1.0,0.6666666666666666,16,0.0054277721792459,0.7633870840072632
315,6,0.1836734693877551,1.0,16,0.0056519201025366,0.7598387002944946
316,6,1.0,1.0,64,0.0065435250289738,0.7106451392173767
