,clientID,client_lr,client_mom,batch_size,loss,accuracy
1193,15,1.0,0.631578947368421,16,0.0200026910752058,0.8682811856269836
1196,15,0.163265306122449,0.9999999999999999,16,0.0247618090361356,0.8310691118240356
1195,15,0.1836734693877551,0.9999999999999999,16,0.0246654879301786,0.8292971253395081
1194,15,0.5918367346938775,0.9999999999999999,32,0.0279814563691616,0.8127584457397461
1192,15,0.163265306122449,0.9473684210526315,16,0.0283321440219879,0.8068517446517944
1200,15,1.0,0.3157894736842105,16,0.0313411690294742,0.7891317009925842
1197,15,1.0,0.9473684210526315,32,0.0340020917356014,0.7696396708488464
1198,15,0.12244897959183676,0.9473684210526315,16,0.0374715402722358,0.7448316812515259
