,clientID,client_lr,client_mom,batch_size,loss,accuracy
72,1,0.12244897959183676,0.9473684210526315,16,0.0344799496233463,0.7562254071235657
