,clientID,client_lr,client_mom,batch_size,loss,accuracy
177,2,0.1836734693877551,0.9999999999999999,16,0.0240752417594194,0.8504531979560852
178,2,0.5918367346938775,0.9473684210526315,16,0.0337613597512245,0.7809667587280273
