,clientID,client_lr,client_mom,batch_size,loss,accuracy
1227,12,1.0,0.9999999999999999,16,0.0596243776381015,0.6000000238418579
