,clientID,client_lr,client_mom,batch_size,loss,accuracy
807,8,0.5918367346938775,0.9473684210526315,16,0.0065209348686039,0.9696969985961914
809,8,1.0,0.9473684210526315,16,0.0054600480943918,0.9696969985961914
808,8,0.1836734693877551,0.9999999999999999,16,0.0106174778193235,0.931818187236786
810,8,1.0,0.9999999999999999,16,0.0166859850287437,0.8939393758773804
