,clientID,client_lr,client_mom,batch_size,loss,accuracy
2067,20,0.5918367346938775,0.9473684210526315,64,0.0409110523760318,0.7109915614128113
2068,20,0.12244897959183676,0.9473684210526315,16,0.0463849678635597,0.6546246409416199
2071,20,1.0,0.631578947368421,16,0.0490046367049217,0.6461696028709412
2070,20,0.1836734693877551,0.9999999999999999,32,0.048731654882431,0.6379708051681519
2069,20,1.0,0.631578947368421,64,0.0509340018033981,0.6272098422050476
2083,20,0.1836734693877551,0.9999999999999999,16,0.0508297346532344,0.6184985637664795
2072,20,0.0816326530612245,0.9999999999999999,32,0.0519028715789318,0.6138867735862732
