,clientID,client_lr,client_mom,batch_size,loss,accuracy
492,5,1.0,0.631578947368421,16,0.0708561912178993,0.4388571381568908
496,5,0.5918367346938775,0.9473684210526315,64,0.0781584456562995,0.3782857060432434
501,5,0.1836734693877551,0.9999999999999999,64,0.0771260187029838,0.3748571574687958
504,5,0.5918367346938775,0.9473684210526315,32,0.0764110833406448,0.3748571574687958
