,clientID,client_lr,client_mom,batch_size,loss,accuracy
1125,11,0.1836734693877551,0.9473684210526315,32,0.0740912109613418,0.4042988717556
1122,11,0.12244897959183676,0.9473684210526315,16,0.0740761831402778,0.3950870037078857
1129,11,1.0,0.631578947368421,32,0.0768088996410369,0.3766632676124573
1130,11,0.0816326530612245,0.9999999999999999,32,0.0761455446481704,0.3572159707546234
1134,11,0.04081632653061224,0.9999999999999999,16,0.0794941708445549,0.3520982563495636
1124,11,1.0,0.3157894736842105,32,0.0780693590641021,0.3510747253894806
