,clientID,client_lr,client_mom,batch_size,loss,accuracy
1647,16,0.1836734693877551,0.9473684210526315,16,0.0730500742793083,0.4172932207584381
1651,16,0.0816326530612245,0.9999999999999999,16,0.0725632831454277,0.4010024964809418
1650,16,0.0816326530612245,0.9473684210526315,16,0.0745545700192451,0.3922305703163147
1654,16,0.1836734693877551,0.9999999999999999,32,0.0743223279714584,0.3872180581092834
1648,16,0.5918367346938775,0.9999999999999999,64,0.074595034122467,0.3721804618835449
