,clientID,client_lr,client_mom,batch_size,loss,accuracy
282,3,1.0,0.631578947368421,16,0.0456020571291446,0.663551390171051
283,3,0.1836734693877551,0.9999999999999999,16,0.0516734905540943,0.6088612079620361
284,3,0.1836734693877551,0.9473684210526315,32,0.0529586039483547,0.6022845506668091
285,3,0.5918367346938775,0.631578947368421,16,0.0555381849408149,0.5721703171730042
