,clientID,client_lr,client_mom,batch_size,loss,accuracy
1017,10,0.04081632653061224,0.9999999999999999,16,0.0715247690677642,0.4346917569637298
1018,10,0.12244897959183676,0.9999999999999999,32,0.0767923519015312,0.3751306235790252
1024,10,0.5918367346938775,0.9473684210526315,64,0.0773454084992408,0.3709508776664734
1026,10,0.5918367346938775,0.631578947368421,16,0.0770753845572471,0.369905948638916
