,clientID,client_lr,client_mom,batch_size,loss,accuracy
807,8,0.0816326530612245,0.9999999999999999,16,0.0418387204408645,0.7021070718765259
808,8,0.12244897959183676,0.9999999999999999,16,0.0448299087584018,0.6788568496704102
809,8,1.0,0.9473684210526315,64,0.0449223928153514,0.6730443239212036
811,8,0.5918367346938775,0.9473684210526315,64,0.0479123927652835,0.6449503302574158
810,8,0.1836734693877551,0.9999999999999999,32,0.0510814413428306,0.6166141629219055
