,clientID,client_lr,client_mom,batch_size,loss,accuracy
841,17,1.0,1.0,32,0.0044086989946663,0.8071907162666321
840,17,1.0,1.0,16,0.0045850831083953,0.7987310290336609
842,17,0.1836734693877551,1.0,16,0.0067474176175892,0.700387716293335
