,clientID,client_lr,client_mom,batch_size,loss,accuracy
936,19,1.0,1.0,16,0.0079442709684371,0.6405529975891113
