,clientID,client_lr,client_mom,batch_size,loss,accuracy
504,10,1.0,1.0,16,0.0045199929736554,0.8079361319541931
506,10,1.0,1.0,64,0.0047719753347337,0.7933974862098694
505,10,1.0,1.0,32,0.0048467419110238,0.792741596698761
507,10,1.0,0.3333333333333333,16,0.005398525390774,0.7675994634628296
508,10,0.1836734693877551,1.0,16,0.0059467060491442,0.7431132197380066
509,10,1.0,0.6666666666666666,16,0.005820658057928,0.7411456108093262
