,clientID,client_lr,client_mom,batch_size,loss,accuracy
420,4,0.5918367346938775,0.9473684210526315,16,0.0629211291670799,0.7142857313156128
422,4,1.0,0.9473684210526315,16,0.0713285654783248,0.7142857313156128
