,clientID,client_lr,client_mom,batch_size,loss,accuracy
1020,10,0.12244897959183676,0.9999999999999999,16,0.0717364326119422,0.4347825944423675
1017,10,1.0,0.631578947368421,32,0.0719643905758857,0.402405172586441
1018,10,0.1836734693877551,0.9999999999999999,64,0.0767383426427841,0.3839038014411926
