,clientID,client_lr,client_mom,batch_size,loss,accuracy
120,2,1.0,1.0,16,0.0039284005761146,0.835154116153717
121,2,1.0,1.0,32,0.0047828676179051,0.7951619029045105
122,2,1.0,0.6666666666666666,16,0.004864745773375,0.7934712171554565
123,2,1.0,1.0,64,0.0048931338824331,0.7925608158111572
124,2,0.1836734693877551,1.0,16,0.005529889371246,0.7595916390419006
125,2,0.0816326530612245,1.0,16,0.0058166710659861,0.7456756234169006
127,2,1.0,0.3333333333333333,16,0.0057490221224725,0.745155394077301
126,2,1.0,0.6666666666666666,32,0.0059217512607574,0.7419040203094482
128,2,1.0,0.3333333333333333,32,0.0064497524872422,0.7147223353385925
