,clientID,client_lr,client_mom,batch_size,loss,accuracy
72,1,1.0,1.0,16,0.0040766750462353,0.8285992741584778
73,1,1.0,1.0,32,0.0041069271974265,0.8271384239196777
74,1,0.1836734693877551,1.0,16,0.0051052710041403,0.7807985544204712
75,1,1.0,1.0,64,0.0052084703929722,0.7711410522460938
76,1,1.0,0.6666666666666666,16,0.0054915701039135,0.7592923045158386
77,1,1.0,0.3333333333333333,16,0.005787652451545,0.7493101954460144
78,1,1.0,0.6666666666666666,32,0.0063082692213356,0.7250446081161499
