,clientID,client_lr,client_mom,batch_size,loss,accuracy
792,16,1.0,1.0,16,0.0053217518143355,0.7613131999969482
