,clientID,client_lr,client_mom,batch_size,loss,accuracy
744,15,1.0,1.0,16,0.0049959099851548,0.7795031070709229
745,15,0.1836734693877551,1.0,16,0.0073037599213421,0.6731366515159607
