,clientID,client_lr,client_mom,batch_size,loss,accuracy
168,3,1.0,1.0,16,0.0042578224092721,0.8225101828575134
169,3,1.0,1.0,32,0.0045750723220407,0.805183470249176
170,3,1.0,1.0,64,0.0057813264429569,0.7529120445251465
171,3,1.0,0.6666666666666666,16,0.0056208157911896,0.7504367828369141
172,3,1.0,0.3333333333333333,16,0.0066263419575989,0.7079207897186279
