,clientID,client_lr,client_mom,batch_size,loss,accuracy
696,14,1.0,1.0,16,0.0061730104498565,0.7289546728134155
