,clientID,client_lr,client_mom,batch_size,loss,accuracy
360,7,1.0,1.0,16,0.0055927820503711,0.7527839541435242
361,7,1.0,1.0,32,0.0061235125176608,0.731997013092041
362,7,1.0,1.0,64,0.007227127905935,0.6781737208366394
