,clientID,client_lr,client_mom,batch_size,loss,accuracy
872,11,0.5918367346938775,0.631578947368421,16,0.0072108833119273,0.9570032358169556
873,11,1.0,0.631578947368421,16,0.00947499088943,0.9459283351898192
