,clientID,client_lr,client_mom,batch_size,loss,accuracy
177,2,1.0,0.631578947368421,16,0.0158421080559492,0.899833083152771
179,2,0.5918367346938775,0.631578947368421,16,0.0214789863675832,0.8625487089157104
178,2,1.0,0.9473684210526315,32,0.032994344830513,0.7729549407958984
