,clientID,client_lr,client_mom,batch_size,loss,accuracy
1334,13,1.0,0.631578947368421,16,0.0179412420839071,0.8849601745605469
1335,13,0.04081632653061224,0.9999999999999999,16,0.0182262696325778,0.8824701309204102
1332,13,0.5918367346938775,0.9473684210526315,32,0.0178582929074764,0.8809760808944702
1337,13,1.0,0.631578947368421,32,0.0207130704075098,0.8650398254394531
1333,13,0.1836734693877551,0.9999999999999999,16,0.0240719094872474,0.8391434550285339
1338,13,1.0,0.9473684210526315,64,0.0247787907719612,0.8276892304420471
1336,13,0.1836734693877551,0.9473684210526315,16,0.0269639622420072,0.8172310590744019
