,clientID,client_lr,client_mom,batch_size,loss,accuracy
1752,17,0.5918367346938775,0.9473684210526315,32,0.0202969778329134,0.8624006509780884
1753,17,1.0,0.631578947368421,16,0.0211588460952043,0.8594730496406555
1755,17,1.0,0.9473684210526315,64,0.0223701987415552,0.8519448041915894
1754,17,1.0,0.631578947368421,32,0.0244075637310743,0.8343788981437683
1758,17,0.5918367346938775,0.9999999999999999,64,0.0263910647481679,0.818067729473114
1759,17,1.0,0.9999999999999999,64,0.0280926655977964,0.8059389591217041
1757,17,0.1836734693877551,0.9999999999999999,16,0.0308349840342998,0.7917189598083496
1756,17,1.0,0.9473684210526315,32,0.0332987681031227,0.7691342830657959
1760,17,0.5918367346938775,0.9473684210526315,16,0.0383230708539485,0.7377666234970093
