,clientID,client_lr,client_mom,batch_size,loss,accuracy
702,7,1.0,0.631578947368421,32,0.0648904293775558,0.4979114532470703
