,clientID,client_lr,client_mom,batch_size,loss,accuracy
807,8,0.5918367346938775,0.631578947368421,16,0.0408905744552612,0.7021276354789734
809,8,1.0,0.0,16,0.049411978572607,0.6380445957183838
808,8,0.0816326530612245,0.9473684210526315,16,0.0505231842398643,0.6231002807617188
