,clientID,client_lr,client_mom,batch_size,loss,accuracy
1754,17,1.0,0.631578947368421,16,0.0710049271583557,0.4520958065986633
1752,17,0.0816326530612245,0.9473684210526315,16,0.0708149895071983,0.4211576879024505
1753,17,0.12244897959183676,0.9473684210526315,16,0.0756423696875572,0.3902195692062378
