,clientID,client_lr,client_mom,batch_size,loss,accuracy
387,4,0.12244897959183676,0.9999999999999999,16,0.0680844858288765,0.4799713790416717
388,4,0.0816326530612245,0.9473684210526315,16,0.0704601854085922,0.4256080090999603
389,4,1.0,0.631578947368421,32,0.0724153295159339,0.4134477972984314
