,clientID,client_lr,client_mom,batch_size,loss,accuracy
492,5,0.5918367346938775,0.9999999999999999,32,0.034210480749607,0.7623762488365173
