,clientID,client_lr,client_mom,batch_size,loss,accuracy
1752,17,1.0,0.631578947368421,16,0.0167642459273338,0.8924249410629272
1753,17,0.0816326530612245,0.9999999999999999,16,0.0211208276450634,0.8614971041679382
1755,17,1.0,0.9473684210526315,64,0.0270705502480268,0.8211564421653748
1754,17,0.0816326530612245,0.9999999999999999,32,0.0266434960067272,0.8153294324874878
