,clientID,client_lr,client_mom,batch_size,loss,accuracy
392,5,1.0,0.631578947368421,16,0.066583439707756,0.4920634925365448
401,5,0.12244897959183676,0.9999999999999999,16,0.0681354701519012,0.4565079510211944
396,5,0.163265306122449,0.9473684210526315,16,0.0700910985469818,0.4463492035865783
393,5,0.163265306122449,0.9999999999999999,16,0.070303700864315,0.43365079164505
403,5,0.5918367346938775,0.9473684210526315,32,0.0705742686986923,0.4304761886596679
416,5,0.163265306122449,0.9999999999999999,32,0.07150848954916,0.4241269826889038
409,5,0.1836734693877551,0.9999999999999999,32,0.0714069008827209,0.4203174710273742
