,clientID,client_lr,client_mom,batch_size,loss,accuracy
492,5,0.5918367346938775,0.9473684210526315,16,0.0602175742387771,0.5625
2172,5,0.5918367346938775,0.9473684210526315,16,0.0602175742387771,0.5625
