,clientID,client_lr,client_mom,batch_size,loss,accuracy
408,8,1.0,1.0,16,0.0042122681625187,0.8199433088302612
409,8,1.0,1.0,32,0.0050936373881995,0.7808364629745483
410,8,1.0,0.6666666666666666,16,0.0056558805517852,0.7497637271881104
411,8,1.0,1.0,64,0.0057904780842363,0.7448015213012695
412,8,0.1836734693877551,1.0,16,0.0063922060653567,0.7261342406272888
