,clientID,client_lr,client_mom,batch_size,loss,accuracy
168,3,1.0,1.0,16,0.0039100879803299,0.8379193544387817
169,3,1.0,1.0,32,0.0040164827369153,0.831824779510498
170,3,1.0,0.3333333333333333,16,0.0045670852996408,0.8058773875236511
171,3,1.0,1.0,64,0.004682679194957,0.7991793155670166
172,3,1.0,0.6666666666666666,16,0.0049935760907828,0.7858436107635498
173,3,0.1836734693877551,1.0,16,0.0057162358425557,0.7475863099098206
176,3,1.0,0.6666666666666666,32,0.0058129434473812,0.7471638917922974
175,3,0.0816326530612245,1.0,16,0.0057983007282018,0.7463191151618958
174,3,1.0,0.3333333333333333,32,0.0059325201436877,0.7403451800346375
