,clientID,client_lr,client_mom,batch_size,loss,accuracy
1542,15,0.04081632653061224,0.9999999999999999,16,0.022036112844944,0.8478444814682007
1543,15,1.0,0.631578947368421,16,0.025050951167941,0.8351648449897766
1544,15,0.5918367346938775,0.9473684210526315,32,0.0306263733655214,0.7836009860038757
