,clientID,client_lr,client_mom,batch_size,loss,accuracy
284,3,0.0816326530612245,0.9999999999999999,16,0.0250311642885208,0.8348867893218994
282,3,1.0,0.9999999999999999,64,0.0292021036148071,0.7949400544166565
283,3,1.0,0.0,16,0.0322519727051258,0.7749667167663574
285,3,0.5918367346938775,0.9473684210526315,16,0.0401086956262588,0.7150465846061707
