,clientID,client_lr,client_mom,batch_size,loss,accuracy
984,20,1.0,1.0,16,0.0038019041530787,0.837286114692688
985,20,1.0,1.0,32,0.0043322867713868,0.8169718980789185
987,20,1.0,0.6666666666666666,32,0.0053789028897881,0.7710397243499756
986,20,1.0,0.6666666666666666,16,0.0053332010284066,0.767437219619751
989,20,1.0,1.0,64,0.0054725287482142,0.7635344862937927
990,20,0.1836734693877551,1.0,16,0.0054836189374327,0.7593315243721008
988,20,1.0,0.3333333333333333,16,0.0059622903354465,0.7400180101394653
991,20,1.0,0.3333333333333333,32,0.0064304396510124,0.7238066792488098
