,clientID,client_lr,client_mom,batch_size,loss,accuracy
74,1,0.5918367346938775,0.9999999999999999,16,0.0009901924058794,0.9945054650306702
72,1,1.0,0.9999999999999999,16,0.0019887299276888,0.9890109896659852
73,1,1.0,0.9473684210526315,16,0.0048430347815155,0.9670329689979552
75,1,0.5918367346938775,0.9473684210526315,16,0.0056746960617601,0.9560439586639404
76,1,1.0,0.9999999999999999,32,0.0125406133010983,0.917582392692566
