,clientID,client_lr,client_mom,batch_size,loss,accuracy
600,12,1.0,1.0,32,0.0041429125703871,0.8252107501029968
601,12,1.0,1.0,16,0.0043021528981626,0.8187190890312195
602,12,1.0,1.0,64,0.0048932223580777,0.7891677021980286
603,12,1.0,0.6666666666666666,16,0.0050555057823657,0.7825791835784912
