,clientID,client_lr,client_mom,batch_size,loss,accuracy
264,5,1.0,1.0,32,0.0041078007780015,0.8270254135131836
265,5,1.0,1.0,16,0.0041629890911281,0.8253766298294067
266,5,1.0,1.0,64,0.0044443770311772,0.8100876808166504
267,5,0.0816326530612245,1.0,16,0.0053399871103465,0.7747882604598999
271,5,0.1836734693877551,1.0,16,0.0052206991240382,0.7711159586906433
268,5,1.0,0.6666666666666666,16,0.0054393149912357,0.7649704217910767
269,5,0.1836734693877551,1.0,32,0.0056373379193246,0.7544030547142029
270,5,1.0,0.3333333333333333,16,0.0056608351878821,0.7515551447868347
272,5,1.0,0.6666666666666666,32,0.0057285334914922,0.7476579546928406
