,clientID,client_lr,client_mom,batch_size,loss,accuracy
792,16,1.0,1.0,16,0.005623351316899,0.7468292713165283
