,clientID,client_lr,client_mom,batch_size,loss,accuracy
552,11,1.0,1.0,16,0.0045942277647554,0.804648220539093
553,11,1.0,1.0,32,0.0045935665257275,0.802135705947876
554,11,0.1836734693877551,1.0,16,0.0063209892250597,0.7236180901527405
