,clientID,client_lr,client_mom,batch_size,loss,accuracy
360,7,1.0,1.0,16,0.0041613243520259,0.8211628198623657
361,7,1.0,1.0,32,0.0051886290311813,0.7739534974098206
