,clientID,client_lr,client_mom,batch_size,loss,accuracy
456,9,1.0,1.0,16,0.0040753604844212,0.8289325833320618
458,9,1.0,1.0,64,0.0044127069413661,0.8134129047393799
459,9,1.0,1.0,32,0.0043704425916075,0.8116573095321655
457,9,0.1836734693877551,1.0,16,0.0047545526176691,0.8007022738456726
460,9,1.0,0.6666666666666666,16,0.004808135330677,0.7948033809661865
461,9,1.0,0.3333333333333333,16,0.0053327772766351,0.768750011920929
462,9,0.1836734693877551,1.0,32,0.0053921667858958,0.7667837142944336
463,9,1.0,0.6666666666666666,32,0.0056830011308193,0.7496488690376282
