,clientID,client_lr,client_mom,batch_size,loss,accuracy
1542,15,0.1836734693877551,0.9999999999999999,32,0.0442963242530822,0.675936758518219
1544,15,0.12244897959183676,0.9999999999999999,16,0.0433797091245651,0.6747658252716064
1545,15,0.1836734693877551,0.9473684210526315,16,0.0451961234211921,0.6730093955993652
1543,15,0.0816326530612245,0.9999999999999999,16,0.0505566857755184,0.6255854964256287
1546,15,0.12244897959183676,0.9473684210526315,16,0.0531009696424007,0.6053864359855652
1547,15,0.5918367346938775,0.631578947368421,16,0.0565185472369194,0.5766978859901428
