,clientID,client_lr,client_mom,batch_size,loss,accuracy
1647,16,0.12244897959183676,0.9473684210526315,16,0.0631545037031173,0.5043057203292847
1648,16,0.0816326530612245,0.9473684210526315,16,0.0660362765192985,0.4768568277359009
1649,16,0.04081632653061224,0.9999999999999999,16,0.0668567195534706,0.4671689867973327
1650,16,0.1836734693877551,0.9999999999999999,16,0.0681871101260185,0.4483315348625183
