,clientID,client_lr,client_mom,batch_size,loss,accuracy
808,8,0.1836734693877551,0.9473684210526315,16,0.0627895146608352,0.5259875059127808
807,8,1.0,0.3157894736842105,16,0.0646501183509826,0.4927234947681427
813,8,1.0,0.631578947368421,32,0.0654322430491447,0.4911642372608185
814,8,0.5918367346938775,0.9999999999999999,32,0.0664388462901115,0.4781704843044281
809,8,1.0,0.9473684210526315,32,0.0665391981601715,0.4740124642848968
811,8,0.04081632653061224,0.9999999999999999,16,0.0669967234134674,0.4636174738407135
812,8,0.12244897959183676,0.9473684210526315,16,0.0692967176437377,0.4501039385795593
