,clientID,client_lr,client_mom,batch_size,loss,accuracy
168,3,1.0,1.0,16,0.0041071204468607,0.8262284994125366
169,3,1.0,1.0,32,0.004631430376321,0.8032088279724121
170,3,1.0,1.0,64,0.0051593491807579,0.7753061652183533
172,3,1.0,0.0,16,0.0056693716906011,0.7536816000938416
171,3,0.0816326530612245,1.0,16,0.0058188992552459,0.7445357441902161
173,3,1.0,0.3333333333333333,16,0.0060329083353281,0.7301968932151794
174,3,1.0,0.6666666666666666,32,0.0063591403886675,0.7154704928398132
