,clientID,client_lr,client_mom,batch_size,loss,accuracy
1858,18,0.5918367346938775,0.9473684210526315,32,0.0709578841924667,0.4171428680419922
1861,18,0.12244897959183676,0.9999999999999999,16,0.0730884075164794,0.4016326665878296
1859,18,0.5918367346938775,0.3157894736842105,16,0.0734170153737068,0.3918367326259613
1860,18,0.5918367346938775,0.631578947368421,16,0.0740008130669593,0.3885714411735534
1862,18,0.1836734693877551,0.9999999999999999,32,0.0764839500188827,0.3812244832515716
1865,18,1.0,0.631578947368421,16,0.0753447636961937,0.3779591917991638
1857,18,0.04081632653061224,0.9999999999999999,16,0.0750171467661857,0.37714284658432
1864,18,0.5918367346938775,0.9999999999999999,64,0.0757306963205337,0.3763265311717987
1878,18,1.0,0.9473684210526315,64,0.0755163431167602,0.3730612099170685
