,clientID,client_lr,client_mom,batch_size,loss,accuracy
1227,12,1.0,0.9473684210526315,16,0.0568903870880603,0.5831842422485352
