,clientID,client_lr,client_mom,batch_size,loss,accuracy
1437,14,1.0,0.9999999999999999,32,0.0593950375914573,0.6064102649688721
