,clientID,client_lr,client_mom,batch_size,loss,accuracy
702,7,1.0,0.9473684210526315,16,0.0055397963151335,0.9661017060279846
2382,7,1.0,0.9473684210526315,16,0.0055397963151335,0.9661017060279846
703,7,1.0,0.9999999999999999,16,0.0218143425881862,0.8644067645072937
2383,7,1.0,0.9999999999999999,16,0.0218143425881862,0.8644067645072937
