,clientID,client_lr,client_mom,batch_size,loss,accuracy
1122,11,1.0,0.9999999999999999,16,0.0133324190974235,0.9191918969154358
2802,11,1.0,0.9999999999999999,16,0.0133324190974235,0.9191918969154358
