,clientID,client_lr,client_mom,batch_size,loss,accuracy
1648,16,0.5918367346938775,0.9473684210526315,64,0.0859441012144088,0.6875
3328,16,0.5918367346938775,0.9473684210526315,64,0.0859441012144088,0.6875
