,clientID,client_lr,client_mom,batch_size,loss,accuracy
1234,12,0.04081632653061224,0.9473684210526315,16,0.0894648060202598,0.5555555820465088
1236,12,1.0,0.631578947368421,32,0.0879203602671623,0.5555555820465088
1249,12,1.0,0.3157894736842105,64,0.0880859792232513,0.5555555820465088
1278,12,0.5918367346938775,0.9999999999999999,64,0.0888788178563118,0.5555555820465088
2914,12,0.04081632653061224,0.9473684210526315,16,0.0894648060202598,0.5555555820465088
2916,12,1.0,0.631578947368421,32,0.0879203602671623,0.5555555820465088
2929,12,1.0,0.3157894736842105,64,0.0880859792232513,0.5555555820465088
2958,12,0.5918367346938775,0.9999999999999999,64,0.0888788178563118,0.5555555820465088
