,clientID,client_lr,client_mom,batch_size,loss,accuracy
599,6,1.0,0.9473684210526315,16,0.0068385647609829,0.9569892287254332
2279,6,1.0,0.9473684210526315,16,0.0068385647609829,0.9569892287254332
597,6,0.5918367346938775,0.9473684210526315,16,0.0078410161659121,0.9516128897666932
2277,6,0.5918367346938775,0.9473684210526315,16,0.0078410161659121,0.9516128897666932
598,6,1.0,0.631578947368421,16,0.0132004357874393,0.924731194972992
2278,6,1.0,0.631578947368421,16,0.0132004357874393,0.924731194972992
