,clientID,client_lr,client_mom,batch_size,loss,accuracy
72,1,1.0,1.0,16,0.0034945136867463,0.8549691438674927
73,1,1.0,1.0,32,0.004334794357419,0.8155586123466492
74,1,1.0,0.6666666666666666,16,0.0044562756083905,0.8095270991325378
75,1,0.1836734693877551,1.0,16,0.0049772528000175,0.7886223196983337
76,1,1.0,1.0,64,0.0052718888036906,0.770253598690033
77,1,1.0,0.3333333333333333,16,0.0055101476609706,0.7618231773376465
78,1,1.0,0.3333333333333333,32,0.0056965220719575,0.7533242106437683
80,1,1.0,0.0,16,0.0060950382612645,0.727827250957489
