,clientID,client_lr,client_mom,batch_size,loss,accuracy
1461,14,1.0,0.631578947368421,64,0.0890547856688499,0.4285714328289032
1503,14,1.0,0.9999999999999999,64,0.087258405983448,0.4285714328289032
