,clientID,client_lr,client_mom,batch_size,loss,accuracy
808,8,0.5918367346938775,0.9473684210526315,16,0.032524287700653,0.779411792755127
807,8,1.0,0.9473684210526315,32,0.0339858122169971,0.7714460492134094
810,8,0.5918367346938775,0.9999999999999999,32,0.0453707091510295,0.6801470518112183
