,clientID,client_lr,client_mom,batch_size,loss,accuracy
1962,19,0.5918367346938775,0.9473684210526315,16,0.0333740003407001,0.7706185579299927
