,clientID,client_lr,client_mom,batch_size,loss,accuracy
597,6,0.5918367346938775,0.631578947368421,16,0.0231266003102064,0.8413242101669312
