,clientID,client_lr,client_mom,batch_size,loss,accuracy
387,4,0.0816326530612245,0.9999999999999999,16,0.0124034136533737,0.9226898550987244
389,4,0.1836734693877551,0.9999999999999999,16,0.0215128753334283,0.8540713787078857
388,4,1.0,0.631578947368421,16,0.0228714738041162,0.8440073132514954
392,4,0.1836734693877551,0.9473684210526315,16,0.0238115899264812,0.8366880416870117
391,4,0.5918367346938775,0.9473684210526315,16,0.0282296426594257,0.8069533109664917
393,4,0.5918367346938775,0.9473684210526315,32,0.0270956251770257,0.8064959049224854
