,clientID,client_lr,client_mom,batch_size,loss,accuracy
912,9,0.1836734693877551,0.9999999999999999,16,0.0232711136341094,0.8443223237991333
913,9,1.0,0.631578947368421,16,0.0314713194966316,0.7756410241127014
