,clientID,client_lr,client_mom,batch_size,loss,accuracy
2114,20,1.0,0.9999999999999999,16,0.0887485146522522,0.5
