,clientID,client_lr,client_mom,batch_size,loss,accuracy
984,20,1.0,1.0,32,0.0040125125087797,0.8316685557365417
985,20,1.0,1.0,16,0.0040381457656621,0.8284755349159241
986,20,1.0,0.6666666666666666,16,0.0048657851293683,0.794006884098053
987,20,1.0,1.0,64,0.0051638316363096,0.774193525314331
988,20,0.1836734693877551,1.0,16,0.0054883370175957,0.7595382332801819
989,20,0.0816326530612245,1.0,16,0.0056098629720509,0.7587195038795471
990,20,1.0,0.3333333333333333,16,0.0059384191408753,0.7391517758369446
