,clientID,client_lr,client_mom,batch_size,loss,accuracy
696,14,1.0,1.0,16,0.0037755721714347,0.8367852568626404
697,14,1.0,1.0,32,0.0051939417608082,0.7775776386260986
698,14,1.0,0.6666666666666666,16,0.0062999604269862,0.7226474285125732
