,clientID,client_lr,client_mom,batch_size,loss,accuracy
1122,11,1.0,0.631578947368421,16,0.01816719584167,0.877289354801178
1123,11,0.5918367346938775,0.631578947368421,16,0.0248923171311616,0.8324176073074341
