,clientID,client_lr,client_mom,batch_size,loss,accuracy
1647,16,0.1836734693877551,0.9473684210526315,16,0.0161399282515048,0.8944900631904602
1654,16,0.5918367346938775,0.631578947368421,16,0.0170141533017158,0.8898007273674011
1648,16,1.0,0.3157894736842105,16,0.0189106408506631,0.8819851279258728
1651,16,1.0,0.0,16,0.0184165779501199,0.8819851279258728
1650,16,0.5918367346938775,0.9473684210526315,32,0.0277687571942806,0.8069558143615723
1649,16,1.0,0.9473684210526315,32,0.0320081189274787,0.7788198590278625
1652,16,0.1836734693877551,0.9999999999999999,16,0.0327352955937385,0.7659242153167725
