,clientID,client_lr,client_mom,batch_size,loss,accuracy
495,5,0.5918367346938775,0.631578947368421,16,0.0147287659347057,0.9037036895751952
492,5,0.1836734693877551,0.9473684210526315,16,0.0151543598622083,0.9033138155937196
496,5,1.0,0.631578947368421,32,0.0215410459786653,0.8545808792114258
493,5,1.0,0.631578947368421,16,0.0230815932154655,0.8424951434135437
494,5,0.5918367346938775,0.9473684210526315,64,0.0273574404418468,0.8042885065078735
498,5,0.12244897959183676,0.9999999999999999,16,0.0287230443209409,0.8023391962051392
500,5,0.1836734693877551,0.9999999999999999,16,0.0303374342620372,0.7922027111053467
