,clientID,client_lr,client_mom,batch_size,loss,accuracy
177,2,0.1836734693877551,0.9999999999999999,16,0.0539416149258613,0.5895978808403015
179,2,0.12244897959183676,0.9999999999999999,32,0.0545021407306194,0.5834790468215942
178,2,0.5918367346938775,0.9473684210526315,16,0.0584212429821491,0.560751736164093
181,2,0.5918367346938775,0.9473684210526315,32,0.0610197223722934,0.5367133021354675
180,2,0.1836734693877551,0.9999999999999999,64,0.0600449554622173,0.5279720425605774
182,2,1.0,0.3157894736842105,16,0.0616432279348373,0.5174825191497803
