,clientID,client_lr,client_mom,batch_size,loss,accuracy
73,1,0.12244897959183676,0.9999999999999999,16,0.0136267160996794,0.9123563170433044
78,1,0.5918367346938775,0.631578947368421,16,0.0163573529571294,0.892241358757019
75,1,1.0,0.9473684210526315,64,0.0175854284316301,0.8864942789077759
72,1,1.0,0.631578947368421,16,0.0170890558511018,0.8840996026992798
74,1,0.1836734693877551,0.9473684210526315,16,0.0232018753886222,0.8419540524482727
76,1,0.0816326530612245,0.9473684210526315,16,0.0247497428208589,0.836685836315155
79,1,0.5918367346938775,0.631578947368421,32,0.0263520181179046,0.8242337107658386
77,1,0.1836734693877551,0.9999999999999999,16,0.0266442615538835,0.8194444179534912
81,1,0.5918367346938775,0.9999999999999999,64,0.0278388354927301,0.8055555820465088
