,clientID,client_lr,client_mom,batch_size,loss,accuracy
807,8,1.0,0.631578947368421,16,0.0207978542894125,0.8541893362998962
