,clientID,client_lr,client_mom,batch_size,loss,accuracy
1232,12,1.0,0.631578947368421,32,0.0227908249944448,0.8493047952651978
1230,12,0.1836734693877551,0.9473684210526315,16,0.0242011211812496,0.8327696323394775
1227,12,1.0,0.9473684210526315,64,0.0253055524080991,0.8237504959106445
1228,12,0.1836734693877551,0.9999999999999999,16,0.0267626624554395,0.8151071071624756
1235,12,0.12244897959183676,0.9999999999999999,16,0.0277965329587459,0.8143554925918579
1229,12,0.12244897959183676,0.9473684210526315,16,0.0284011512994766,0.8060879111289978
1234,12,1.0,0.631578947368421,16,0.0304139945656061,0.787673830986023
1231,12,0.5918367346938775,0.9473684210526315,16,0.0371099039912223,0.7388200163841248
