,clientID,client_lr,client_mom,batch_size,loss,accuracy
1857,18,1.0,0.9999999999999999,32,0.0504222735762596,0.6432337164878845
