,clientID,client_lr,client_mom,batch_size,loss,accuracy
1122,11,0.5918367346938775,0.9473684210526315,32,0.0140742026269435,0.9086198806762696
1123,11,1.0,0.631578947368421,32,0.0165351442992687,0.8940178751945496
1127,11,1.0,0.0,16,0.0188131723552942,0.8761187195777893
1128,11,1.0,0.631578947368421,16,0.0187876746058464,0.8709373474121094
1125,11,0.1836734693877551,0.9473684210526315,16,0.0237227119505405,0.8412623405456543
1124,11,0.1836734693877551,0.9999999999999999,16,0.0251598581671714,0.8327838182449341
