,clientID,client_lr,client_mom,batch_size,loss,accuracy
1437,14,0.1836734693877551,0.9473684210526315,16,0.0209097731858491,0.858015239238739
1438,14,1.0,0.631578947368421,16,0.0256194975227117,0.8267175555229187
