,clientID,client_lr,client_mom,batch_size,loss,accuracy
168,3,1.0,1.0,16,0.0038787238299846,0.8356613516807556
169,3,1.0,1.0,32,0.0041446569375693,0.8263968229293823
170,3,1.0,1.0,64,0.0055152350105345,0.7604047656059265
171,3,1.0,0.6666666666666666,16,0.0059204325079917,0.7405929565429688
172,3,1.0,0.3333333333333333,16,0.0062154815532267,0.7287628054618835
