,clientID,client_lr,client_mom,batch_size,loss,accuracy
265,5,1.0,1.0,16,0.0036969513166695,0.8471858501434326
264,5,1.0,1.0,32,0.0041329399682581,0.8288439512252808
266,5,0.1836734693877551,1.0,16,0.0046163466759026,0.8061524033546448
268,5,1.0,1.0,64,0.0044948020949959,0.8061000108718872
267,5,1.0,0.6666666666666666,16,0.0047874520532786,0.7998113632202148
270,5,1.0,0.3333333333333333,16,0.0051616709679365,0.7781155109405518
271,5,0.1836734693877551,1.0,32,0.0051250751130282,0.775809645652771
269,5,1.0,0.0,16,0.005452609155327,0.7731893658638
272,5,1.0,0.6666666666666666,32,0.0054332539439201,0.76642906665802
