,clientID,client_lr,client_mom,batch_size,loss,accuracy
1020,10,0.5918367346938775,0.631578947368421,16,0.0891366526484489,0.4000000059604645
1056,10,1.0,0.631578947368421,64,0.0889047682285308,0.4000000059604645
