,clientID,client_lr,client_mom,batch_size,loss,accuracy
408,8,1.0,1.0,16,0.0039368611760437,0.8357921242713928
409,8,1.0,1.0,32,0.0044438010081648,0.8118022084236145
410,8,1.0,1.0,64,0.0046497527509927,0.8053562045097351
411,8,0.1836734693877551,1.0,16,0.005323639139533,0.7637559771537781
413,8,1.0,0.6666666666666666,16,0.0056149316951632,0.7534555792808533
412,8,1.0,0.3333333333333333,16,0.0058622313663363,0.7491360902786255
414,8,1.0,0.0,16,0.0064078331924974,0.7161084413528442
