,clientID,client_lr,client_mom,batch_size,loss,accuracy
456,9,1.0,1.0,16,0.0037493035197257,0.8397487998008728
457,9,1.0,1.0,32,0.0044692195951938,0.8057413101196289
459,9,1.0,0.6666666666666666,16,0.0047596665099263,0.7945685982704163
458,9,1.0,1.0,64,0.0049132946878671,0.7907356023788452
461,9,1.0,0.3333333333333333,16,0.0053290855139493,0.7756483554840088
460,9,0.1836734693877551,1.0,16,0.0054481849074363,0.7643125057220459
462,9,1.0,0.6666666666666666,32,0.006305540446192,0.7211710810661316
