,clientID,client_lr,client_mom,batch_size,loss,accuracy
217,4,1.0,1.0,16,0.0038620824925601,0.8380903601646423
216,4,1.0,1.0,32,0.0042583378963172,0.8184539079666138
218,4,1.0,1.0,64,0.0049164239317178,0.7896196842193604
219,4,1.0,0.6666666666666666,32,0.0052809352055191,0.7758960723876953
221,4,1.0,0.6666666666666666,16,0.0052688098512589,0.7705671787261963
220,4,1.0,0.3333333333333333,16,0.0053913327865302,0.7656033039093018
222,4,0.1836734693877551,1.0,16,0.0055691692978143,0.7555295825004578
223,4,0.1836734693877551,1.0,32,0.0060627846978604,0.7346521615982056
