,clientID,client_lr,client_mom,batch_size,loss,accuracy
408,8,1.0,1.0,16,0.004821463022381,0.7912268042564392
409,8,1.0,1.0,32,0.0055248215794563,0.7515471577644348
