,clientID,client_lr,client_mom,batch_size,loss,accuracy
705,7,1.0,0.631578947368421,32,0.0133079839870333,0.9125109314918518
702,7,0.12244897959183676,0.9999999999999999,16,0.0152917159721255,0.9046369194984436
703,7,0.12244897959183676,0.9473684210526315,16,0.0164957586675882,0.8893263339996338
704,7,0.5918367346938775,0.9473684210526315,32,0.0212063938379287,0.8556430339813232
706,7,1.0,0.631578947368421,16,0.0227011609822511,0.841644823551178
