,clientID,client_lr,client_mom,batch_size,loss,accuracy
387,4,1.0,0.9473684210526315,16,0.0300380047410726,0.8133333325386047
