,clientID,client_lr,client_mom,batch_size,loss,accuracy
1017,10,0.12244897959183676,0.9473684210526315,16,0.0140591403469443,0.9089813232421876
1018,10,0.12244897959183676,0.9999999999999999,16,0.0255632866173982,0.8245931267738342
1019,10,0.5918367346938775,0.9473684210526315,32,0.0260773077607154,0.8245931267738342
