,clientID,client_lr,client_mom,batch_size,loss,accuracy
492,5,0.5918367346938775,0.9473684210526315,16,0.0365613661706447,0.7497308850288391
493,5,1.0,0.0,16,0.0427238643169403,0.6986006498336792
