,clientID,client_lr,client_mom,batch_size,loss,accuracy
2068,20,0.5918367346938775,0.9473684210526315,16,0.0473175756633281,0.6735395193099976
