,clientID,client_lr,client_mom,batch_size,loss,accuracy
936,19,1.0,1.0,16,0.0042765913531184,0.813284158706665
937,19,1.0,1.0,32,0.0046376385726034,0.7977859973907471
938,19,1.0,0.6666666666666666,16,0.0065184342674911,0.7097786068916321
