,clientID,client_lr,client_mom,batch_size,loss,accuracy
73,1,1.0,1.0,32,0.0044620619155466,0.8076720237731934
72,1,1.0,1.0,16,0.004524684511125,0.8013445734977722
76,1,1.0,1.0,64,0.005511412397027,0.7594252824783325
74,1,0.1836734693877551,1.0,16,0.0055115786381065,0.7579752206802368
75,1,1.0,0.6666666666666666,16,0.0056331506930291,0.7527023553848267
77,1,1.0,0.6666666666666666,32,0.0062848599627614,0.7235697507858276
