,clientID,client_lr,client_mom,batch_size,loss,accuracy
888,18,1.0,1.0,16,0.0046979533508419,0.7950043082237244
889,18,1.0,0.6666666666666666,16,0.0066056614741683,0.7068619132041931
