,clientID,client_lr,client_mom,batch_size,loss,accuracy
216,4,1.0,1.0,32,0.0040852394886314,0.8311638832092285
217,4,1.0,1.0,16,0.0043637664057314,0.8138506412506104
219,4,1.0,1.0,64,0.0058949198573827,0.7428282499313354
220,4,0.1836734693877551,1.0,16,0.0060725575312972,0.7403007745742798
218,4,1.0,0.3333333333333333,16,0.0061348723247647,0.7317073345184326
221,4,1.0,0.6666666666666666,16,0.006310558412224,0.7171742916107178
