,clientID,client_lr,client_mom,batch_size,loss,accuracy
1233,12,1.0,0.9473684210526315,64,0.0745992138981819,0.4100628793239593
1227,12,0.12244897959183676,0.9999999999999999,32,0.0740862786769867,0.3886792361736297
1231,12,0.1836734693877551,0.9473684210526315,16,0.076295256614685,0.3786163628101349
1229,12,0.12244897959183676,0.9999999999999999,16,0.0762208774685859,0.3773584961891174
1228,12,0.5918367346938775,0.3157894736842105,16,0.0766337215900421,0.3748427629470825
1230,12,0.0816326530612245,0.9999999999999999,16,0.0755356773734092,0.3660377264022827
