,clientID,client_lr,client_mom,batch_size,loss,accuracy
284,3,0.12244897959183676,0.9999999999999999,16,0.0590399578213691,0.5466790795326233
282,3,1.0,0.631578947368421,16,0.0591637939214706,0.5457501411437988
283,3,0.5918367346938775,0.631578947368421,32,0.0613241791725158,0.5141662955284119
285,3,0.5918367346938775,0.9473684210526315,32,0.0654320120811462,0.4821179807186126
287,3,1.0,0.9473684210526315,32,0.0653825253248214,0.4816535115242004
286,3,0.1836734693877551,0.9999999999999999,64,0.0669002309441566,0.4658615887165069
