,clientID,client_lr,client_mom,batch_size,loss,accuracy
984,20,1.0,1.0,16,0.0042586587369441,0.8194249868392944
985,20,1.0,1.0,32,0.0045876172371208,0.802711546421051
987,20,1.0,0.6666666666666666,16,0.0052267676219344,0.7716222405433655
986,20,1.0,0.3333333333333333,16,0.0055330409668385,0.7641420960426331
988,20,0.1836734693877551,1.0,16,0.0057273493148386,0.7514024972915649
989,20,1.0,1.0,64,0.0059652356430888,0.7331697344779968
