,clientID,client_lr,client_mom,batch_size,loss,accuracy
216,4,1.0,1.0,16,0.0078968489542603,0.6510204076766968
