,clientID,client_lr,client_mom,batch_size,loss,accuracy
216,4,1.0,1.0,16,0.0034576281905174,0.8555343747138977
218,4,1.0,1.0,32,0.0045393854379653,0.8038803935050964
217,4,1.0,0.3333333333333333,16,0.0046852580271661,0.8031806349754333
220,4,1.0,1.0,64,0.0048231999389827,0.7955470681190491
219,4,0.1836734693877551,1.0,16,0.0048662107437849,0.7936387062072754
221,4,1.0,0.6666666666666666,32,0.0051652411930263,0.7797073721885681
222,4,1.0,0.6666666666666666,16,0.0051269503310322,0.777226448059082
223,4,0.1836734693877551,1.0,32,0.0053274543024599,0.7744274735450745
224,4,1.0,0.0,16,0.0059893010184168,0.737022876739502
