,clientID,client_lr,client_mom,batch_size,loss,accuracy
1437,14,0.1836734693877551,0.9473684210526315,16,0.0706340223550796,0.4451063871383667
1440,14,0.5918367346938775,0.9473684210526315,16,0.0750414431095123,0.3863829672336578
