,clientID,client_lr,client_mom,batch_size,loss,accuracy
708,7,0.5918367346938775,0.9473684210526315,16,0.0559676140546798,0.5738112330436707
702,7,0.0816326530612245,0.9999999999999999,32,0.0576374158263206,0.5656493902206421
703,7,0.12244897959183676,0.9999999999999999,16,0.0584907680749893,0.5440028309822083
704,7,0.12244897959183676,0.9473684210526315,16,0.0597762018442153,0.5383250713348389
706,7,0.1836734693877551,0.9999999999999999,32,0.0615069717168808,0.5358410477638245
705,7,0.5918367346938775,0.631578947368421,16,0.0625351667404174,0.5244854688644409
709,7,0.0816326530612245,0.9473684210526315,16,0.0651499256491661,0.4992902874946594
