,clientID,client_lr,client_mom,batch_size,loss,accuracy
72,1,0.5918367346938775,0.9999999999999999,64,0.0515675581991672,0.6094024777412415
74,1,1.0,0.631578947368421,16,0.052842728793621,0.6023725867271423
77,1,0.12244897959183676,0.9473684210526315,16,0.0590619035065174,0.551845371723175
73,1,0.04081632653061224,0.9999999999999999,16,0.0591542012989521,0.5470123291015625
75,1,0.0816326530612245,0.9999999999999999,16,0.0587760433554649,0.5448154807090759
78,1,0.0816326530612245,0.9473684210526315,16,0.0620799958705902,0.5237258076667786
76,1,0.1836734693877551,0.9473684210526315,16,0.0626012608408927,0.5206502676010132
