,clientID,client_lr,client_mom,batch_size,loss,accuracy
1753,17,0.12244897959183676,0.9999999999999999,16,0.055223636329174,0.5706319808959961
1752,17,0.1836734693877551,0.9473684210526315,16,0.0606006570160388,0.5297397971153259
1757,17,1.0,0.631578947368421,16,0.0640776082873344,0.5032528042793274
