,clientID,client_lr,client_mom,batch_size,loss,accuracy
1542,15,0.12244897959183676,0.9999999999999999,32,0.0585548430681228,0.5576263070106506
1543,15,1.0,0.631578947368421,32,0.0598464161157608,0.5247670412063599
1557,15,0.5918367346938775,0.631578947368421,32,0.0623689927160739,0.516429603099823
1545,15,0.1836734693877551,0.9999999999999999,16,0.0647260546684265,0.5056400299072266
1544,15,1.0,0.9473684210526315,64,0.0631778240203857,0.5012260675430298
1546,15,0.5918367346938775,0.3157894736842105,16,0.0638400539755821,0.4948504269123077
1552,15,0.12244897959183676,0.9999999999999999,16,0.0648173540830612,0.4791564345359802
