,clientID,client_lr,client_mom,batch_size,loss,accuracy
1890,18,0.5918367346938775,0.3157894736842105,64,0.0685652270913124,0.5454545617103577
1909,18,0.1836734693877551,0.631578947368421,16,0.0770270153880119,0.5454545617103577
1922,18,1.0,0.9999999999999999,64,0.0778916403651237,0.5454545617103577
1936,18,0.1836734693877551,0.0,64,0.0806274116039276,0.5454545617103577
