,clientID,client_lr,client_mom,batch_size,loss,accuracy
360,7,1.0,1.0,16,0.0037819249555468,0.8418083190917969
361,7,1.0,1.0,32,0.0043410724028944,0.8146419525146484
362,7,0.1836734693877551,1.0,16,0.0050077028572559,0.7856645584106445
363,7,1.0,0.3333333333333333,16,0.0056020328775048,0.757940948009491
365,7,1.0,1.0,64,0.0055629652924835,0.7555029392242432
364,7,1.0,0.6666666666666666,32,0.0056697251275181,0.7530649304389954
366,7,1.0,0.6666666666666666,16,0.0056675551459193,0.7485371828079224
