,clientID,client_lr,client_mom,batch_size,loss,accuracy
216,4,1.0,1.0,16,0.0038762954063713,0.8327986001968384
217,4,1.0,1.0,64,0.0051516420207917,0.7787284851074219
218,4,1.0,1.0,32,0.0052502895705401,0.7632798552513123
219,4,1.0,0.3333333333333333,16,0.0058480845764279,0.7429590225219727
220,4,0.1836734693877551,1.0,16,0.0058734151534736,0.7389186024665833
221,4,1.0,0.6666666666666666,16,0.0062932549044489,0.718716561794281
