,clientID,client_lr,client_mom,batch_size,loss,accuracy
177,2,0.5918367346938775,0.9473684210526315,16,0.0368531718850135,0.7560756206512451
