,clientID,client_lr,client_mom,batch_size,loss,accuracy
493,5,1.0,0.3157894736842105,16,0.0176619030535221,0.8802570104598999
492,5,0.5918367346938775,0.631578947368421,16,0.024433683604002,0.8317757248878479
494,5,1.0,0.631578947368421,16,0.0286718793213367,0.8054906725883484
495,5,0.5918367346938775,0.9999999999999999,64,0.0307898763567209,0.7879672646522522
496,5,1.0,0.9999999999999999,64,0.034824825823307,0.764018714427948
