,clientID,client_lr,client_mom,batch_size,loss,accuracy
702,7,0.5918367346938775,0.9473684210526315,16,0.0137653155252337,0.9340659379959106
703,7,1.0,0.9473684210526315,16,0.023485442623496,0.8351648449897766
