,clientID,client_lr,client_mom,batch_size,loss,accuracy
1019,10,0.12244897959183676,0.9999999999999999,16,0.0700606927275657,0.4365192651748657
1020,10,0.5918367346938775,0.3157894736842105,16,0.0749755874276161,0.4094151258468628
1017,10,0.5918367346938775,0.9473684210526315,64,0.0748819038271904,0.3880171179771423
