,clientID,client_lr,client_mom,batch_size,loss,accuracy
387,4,0.1836734693877551,0.9473684210526315,16,0.0429265089333057,0.6950686573982239
388,4,0.0816326530612245,0.9473684210526315,16,0.0497116930782794,0.6273408532142639
389,4,0.5918367346938775,0.631578947368421,16,0.0506145544350147,0.6157927513122559
390,4,0.0816326530612245,0.9999999999999999,16,0.052052192389965,0.6089263558387756
