,clientID,client_lr,client_mom,batch_size,loss,accuracy
610,6,0.0816326530612245,0.631578947368421,32,0.0824725553393364,0.4444444477558136
641,6,0.1836734693877551,0.3157894736842105,64,0.0851132571697235,0.4444444477558136
657,6,0.04081632653061224,0.631578947368421,64,0.0782353729009628,0.4444444477558136
688,6,0.04081632653061224,0.0,32,0.0847589746117591,0.4444444477558136
693,6,0.0816326530612245,0.9999999999999999,32,0.0849716812372207,0.4444444477558136
